model,env,arm,file,gate_source,source_run,source_tag
qwen3-8b,OEQ,base,qwen3-8b/OEQ/base.csv,inloop,baseline_final_OEQ,base_finaldata_temp1.0_seed0
qwen3-8b,OEQ,explicit,qwen3-8b/OEQ/explicit.csv,inloop,baseline_final_OEQ,base-explicit_finaldata_temp1.0_seed0
qwen3-8b,OEQ,sharma,qwen3-8b/OEQ/sharma.csv,inloop,baseline_final_OEQ,base-sharma_finaldata_temp1.0_seed0
qwen3-8b,OEQ,dontbesyco,qwen3-8b/OEQ/dontbesyco.csv,inloop,baseline_final_OEQ,base-dontbesyco_finaldata_temp1.0_seed0
qwen3-8b,OEQ,becritical,qwen3-8b/OEQ/becritical.csv,inloop,baseline_final_OEQ,base-becritical_finaldata_temp1.0_seed0
qwen3-8b,OEQ,perspshift,qwen3-8b/OEQ/perspshift.csv,inloop,baseline_final_OEQ,base-perspshiftassess_finaldata_temp1.0_seed0
qwen3-8b,OEQ,dpo_neutral,qwen3-8b/OEQ/dpo_neutral.csv,inloop,dpo_lora_oeq_qwen3-8b_n1000_neutral_mixed_final,final_finaldata_temp1.0_seed0
qwen3-8b,OEQ,dpo_neutral_nonmixed,qwen3-8b/OEQ/dpo_neutral_nonmixed.csv,inloop,dpo_lora_oeq_qwen3-8b_n1000_neutral_final,final_finaldata_temp1.0_seed0
qwen3-8b,OEQ,plurpo_stage1,qwen3-8b/OEQ/plurpo_stage1.csv,inloop,dpo_lora_oeq_qwen3-8b_n1000_mixed_P6_perspshift_distill_gp_rpo0p5_final,final_finaldata_temp1.0_seed0
qwen3-8b,OEQ,plurpo,qwen3-8b/OEQ/plurpo.csv,inloop,dpo_lora_oeq_qwen3-8b_P6_voice2_rpo0p5,final_finaldata_temp1.0_seed0
qwen3-8b,PAS,base,qwen3-8b/PAS/base.csv,inloop,baseline_final_PAS,base_finaldata_temp1.0_seed0
qwen3-8b,PAS,explicit,qwen3-8b/PAS/explicit.csv,inloop,baseline_final_PAS,base-explicit_finaldata_temp1.0_seed0
qwen3-8b,PAS,sharma,qwen3-8b/PAS/sharma.csv,inloop,baseline_final_PAS,base-sharma_finaldata_temp1.0_seed0
qwen3-8b,PAS,dontbesyco,qwen3-8b/PAS/dontbesyco.csv,inloop,baseline_final_PAS,base-dontbesyco_finaldata_temp1.0_seed0
qwen3-8b,PAS,becritical,qwen3-8b/PAS/becritical.csv,inloop,baseline_final_PAS,base-becritical_finaldata_temp1.0_seed0
qwen3-8b,PAS,perspshift,qwen3-8b/PAS/perspshift.csv,inloop,baseline_final_PAS,base-perspshiftassess_finaldata_temp1.0_seed0
qwen3-8b,PAS,dpo_neutral,qwen3-8b/PAS/dpo_neutral.csv,inloop,dpo_lora_pas_qwen3-8b_n1000_neutral_mixed_final,final_finaldata_temp1.0_seed0
qwen3-8b,PAS,dpo_neutral_nonmixed,qwen3-8b/PAS/dpo_neutral_nonmixed.csv,inloop,dpo_lora_pas_qwen3-8b_n1000_neutral_final,final_finaldata_temp1.0_seed0
qwen3-8b,PAS,plurpo_stage1,qwen3-8b/PAS/plurpo_stage1.csv,inloop,dpo_lora_pas_qwen3-8b_n1000_mixed_P6_perspshift_distill_gp_rpo0p5_final,final_finaldata_temp1.0_seed0
qwen3-8b,PAS,plurpo,qwen3-8b/PAS/plurpo.csv,inloop,dpo_lora_pas_qwen3-8b_P6_voice2_rpo0p5,final_finaldata_temp1.0_seed0
qwen3-8b,OEQ,human,qwen3-8b/OEQ/human.csv,human,,
qwen3-8b,AITA,base,qwen3-8b/AITA/base.csv,inloop,baseline_final_AITA,base_finaldata_temp1.0_seed0
qwen3-8b,AITA,explicit,qwen3-8b/AITA/explicit.csv,inloop,baseline_final_AITA,base-explicit_finaldata_temp1.0_seed0
qwen3-8b,AITA,sharma,qwen3-8b/AITA/sharma.csv,inloop,baseline_final_AITA,base-sharma_finaldata_temp1.0_seed0
qwen3-8b,AITA,dontbesyco,qwen3-8b/AITA/dontbesyco.csv,inloop,baseline_final_AITA,base-dontbesyco_finaldata_temp1.0_seed0
qwen3-8b,AITA,becritical,qwen3-8b/AITA/becritical.csv,inloop,baseline_final_AITA,base-becritical_finaldata_temp1.0_seed0
qwen3-8b,AITA,perspshift,qwen3-8b/AITA/perspshift.csv,inloop,baseline_final_AITA,base-perspshiftassess_finaldata_temp1.0_seed0
qwen3-8b,AITA,plurpo,qwen3-8b/AITA/plurpo.csv,staged,dpo_lora_aita_qwen3-8b_P6_voice2R2_rpo0p5,final_finaldata_temp1.0_seed0
qwen3-8b,AITA-NTA-FLIP,base,qwen3-8b/AITA-NTA-FLIP/base.csv,inloop,baseline_final_AITA-NTA-FLIP,base_finaldata_temp1.0_seed0
qwen3-8b,AITA-NTA-FLIP,explicit,qwen3-8b/AITA-NTA-FLIP/explicit.csv,inloop,baseline_final_AITA-NTA-FLIP,base-explicit_finaldata_temp1.0_seed0
qwen3-8b,AITA-NTA-FLIP,sharma,qwen3-8b/AITA-NTA-FLIP/sharma.csv,inloop,baseline_final_AITA-NTA-FLIP,base-sharma_finaldata_temp1.0_seed0
qwen3-8b,AITA-NTA-FLIP,dontbesyco,qwen3-8b/AITA-NTA-FLIP/dontbesyco.csv,inloop,baseline_final_AITA-NTA-FLIP,base-dontbesyco_finaldata_temp1.0_seed0
qwen3-8b,AITA-NTA-FLIP,becritical,qwen3-8b/AITA-NTA-FLIP/becritical.csv,inloop,baseline_final_AITA-NTA-FLIP,base-becritical_finaldata_temp1.0_seed0
qwen3-8b,AITA-NTA-FLIP,perspshift,qwen3-8b/AITA-NTA-FLIP/perspshift.csv,inloop,baseline_final_AITA-NTA-FLIP,base-perspshiftassess_finaldata_temp1.0_seed0
qwen3-8b,AITA-NTA-FLIP,plurpo,qwen3-8b/AITA-NTA-FLIP/plurpo.csv,staged,dpo_lora_flip_qwen3-8b_P6_voice2R2_rpo0p5,final_finaldata_temp1.0_seed0
